Number of citation,Name of citation,what is it,which pages are cited?,total number of pages,actual pages cited,what is it cited for,qué se cita exactamente de esta fuente,is the cited information in the source?,support evidence / caveat,audit action
1,Toward Environment-Aware 6G Communications via Channel Knowledge Map,Journal article,84-91,8,"16, 22, 39, 102","Introduction; General Framework: CKM Surrogates and Evaluation Contracts; Channel knowledge maps and dense radio map prediction. Context: verage prediction is a central requirement for future 6G systems. A channel knowledge map (CKM) is a site specific repository of channel information that can support environment aware planning and reduce online channel acquisition overhead [citation] . Classical ray tracing can generate detailed CKMs, but it is too expensive to repeat for every candidate cit",El concepto de CKM como base de datos específica del entorno con información de canal útil para comunicaciones conscientes del entorno y para reducir la adquisición online de CSI.,SUPPORTED,Local PDF supports CKM as a site specific database of channel related information for environment aware wireless communications and reduced online CSI acquisition.,No thesis wording change needed.
2,A Tutorial on Environment-Aware Communications via Channel Knowledge Map for 6G,Journal article,1478-1519,42,"16, 22, 102","Introduction; General Framework: CKM Surrogates and Evaluation Contracts. Context: verage prediction is a central requirement for future 6G systems. A channel knowledge map (CKM) is a site specific repository of channel information that can support environment aware planning and reduce online channel acquisition overhead [citation] . Classical ray tracing can generate detailed CKMs, but it is too expensive to repeat for every candidate cit","La definición tutorial de CKM y sus tipos de información, incluyendo ganancia, ángulos y retardo, como marco para 6G consciente del entorno.",SUPPORTED,"Local tutorial PDF supports CKMs as location tagged channel knowledge, including channel gain, angles, and delay information for environment aware 6G.",No thesis wording change needed.
3,Uncrewed Aerial System (UAS) Support in 3GPP; Stage 1,Standard / technical report,,,"16, 102","Introduction. Context: er height and deployment assumption. Unmanned aerial vehicles (UAVs) make this prediction problem more useful and more difficult. In Third Generation Partnership Project (3GPP) terminology, a UAV mounted radio access node is called a UxNB [citation] , so the transmitter height is no longer a fixed rooftop constant. It becomes a continuous input that changes",La terminología 3GPP UxNB y la idea de un nodo de acceso radio montado en un UAV.,SUPPORTED WITH CAVEAT,Official 3GPP/ETSI TS 22.125 material supports UxNB as a radio access node on board a UAV and requirements for UxNB operation. The audit folder does not include a local copy of the whole standard.,No thesis wording change needed; keep the source as an official specification rather than a paper.
4,How Much Data Is Needed for Channel Knowledge Map Construction?,Journal article,13011-13021,11,"22, 102","General Framework: CKM Surrogates and Evaluation Contracts. Context: g, support planning, and provide initial channel knowledge before online measurements are available. Recent CKM literature also clarifies why the thesis uses a large offline ray traced dataset rather than sparse field samples. Xu and Zeng [citation] analyse how CKM construction error depends on spatial sample density and on the number of neighbouring samples","La relación entre densidad de muestras, vecinos usados y error de construcción de un CKM.",SUPPORTED,"Local PDF studies CKM construction error versus spatial sample density and number of neighbouring samples, matching the measurement density/cost accuracy tradeoff citation.",No thesis wording change needed.
5,Dataset of Pathloss and ToA Radio Maps With Localization Application,Dataset,,6,"22, 25-26, 38, 102","Dataset and split; General Framework: CKM Surrogates and Evaluation Contracts; Image to image translation baselines. Context: nDataset and split sec:methodology_dataset_split The data source is CKM_Dataset_270326.h5, a project HDF5 version of the CKM radio map data associated with the public path loss and ToA radio map dataset of Yapar et al.~ [citation] . At dataset level, it contains 16180 ray traced urban samples from 66 real city scenarios. The fields used by the final pipeline","El dataset público de mapas de path loss y ToA, el marco RadioMapSeer y el rango de path loss de 80 dB usado para convertir errores normalizados.",SUPPORTED AFTER TEXT CHANGE,Local PDF supports the RadioMapSeer style pathloss/ToA radio map dataset and states that pathloss values were scaled as images with an 80 dB PL range.,Added this citation to the RadioUNet conversion sentence in state_of_art.tex so the 80 dB range is attributed to the dataset source.
6,The First Pathloss Radio Map Prediction Challenge,Conference paper,1-2,2,"22, 25-26, 87, 102","Comparison with closest state of the art metrics; Comparison with nearby SOA metrics; General Framework: CKM Surrogates and Evaluation Contracts. Context: L RMSE is close to the reported RadioMapSeer dB scale range, while remaining above its best DPM number. & Outdoor simulated terrestrial maps; held out test layouts, but no transmitter height or spread targets. \\ PMNet / ICASSP~2023 winner [citation] & approx.\ 1.38dB converted from the RadioMap3DSeer normalized score & Final PL is close but higher under a d","El contrato del reto ICASSP 2023: dataset RadioMap3DSeer, conjunto de test oculto y métrica RMSE para mapas de path loss.",SUPPORTED,"Local PDF supports the ICASSP 2023 pathloss radio map prediction challenge, RadioMap3DSeer training data, held out challenge test data, and RMSE evaluation contract.",No thesis wording change needed.
7,Radio Map Estimation: An Open Dataset with Directive Transmitter Antennas and Initial Experiments,arXiv preprint,,13,"22, 102","General Framework: CKM Surrogates and Evaluation Contracts. Context: ath loss challenge. RadioMap3DSeer [citation] and the ICASSP~2023 challenge [citation] provide the closest open benchmark family for path loss image prediction, while the directive antenna dataset of Jaensch et al.\ [citation] and CKMImageNet [citation] show the broader move toward open, location specific datasets with richer channel and environment represen",Un dataset abierto de estimación de radio maps con antenas transmisoras directivas.,SUPPORTED,Local PDF supports an open radio map estimation dataset with directive transmitter antennas and initial experiments.,No thesis wording change needed.
8,CKMImageNet: A Dataset for AI-Based Channel Knowledge Map Toward Environment-Aware Communication and Sensing,Journal article,14430-14443,14,"22, 63, 102","General Framework: CKM Surrogates and Evaluation Contracts. Context: t2212 and the ICASSP~2023 challenge [citation] provide the closest open benchmark family for path loss image prediction, while the directive antenna dataset of Jaensch et al.\ [citation] and CKMImageNet [citation] show the broader move toward open, location specific datasets with richer channel and environment representations. The CKM dataset used in this th",CKMImageNet como ejemplo reciente de dataset CKM rico para comunicación y sensado conscientes del entorno.,SUPPORTED,Local PDF supports CKMImageNet as an AI based CKM dataset for environment aware communication and sensing.,No thesis wording change needed.
9,Wireless Communications: Principles and Practice,Book,,,"23, 44-45, 47, 51, 59, 102","prior_detail_overview.tex; High level architecture; Literature ingredients and thesis adaptations. Context: des the entry point for the ML calibrated physical path loss and spread priors and the HARP-Net CKM residual architecture. The propagation ingredients follow classical FSPL, two-ray, empirical NLoS and large scale parameter models [citation] , while the residual network inherits dense prediction, FiLM conditioning and distribution aware regression ideas [cit","Los fundamentos clásicos de FSPL, propagación de dos rayos y vocabulario de propagación a gran escala.",SUPPORTED WITH CAVEAT,"Book reference is appropriate for FSPL, two ray, and large scale propagation vocabulary, but the book is not locally text extracted in the audit folder.",No thesis wording change needed; source is used as a whole textbook reference.
10,Channel Modeling of Air-to-Ground Signal Measurement with Two-Ray Ground-Reflection Model for UAV Communication Systems,Conference paper,251-256,6,"23, 44-45, 47, 102","prior_detail_overview.tex; High level architecture; Literature ingredients and thesis adaptations. Context: des the entry point for the ML calibrated physical path loss and spread priors and the HARP-Net CKM residual architecture. The propagation ingredients follow classical FSPL, two-ray, empirical NLoS and large scale parameter models [citation] , while the residual network inherits dense prediction, FiLM conditioning and distribution aware regression ideas [cit",El modelo A2G UAV con reflexión de suelo de dos rayos y su uso para path loss.,SUPPORTED,Local PDF directly studies A2G UAV signal measurement with a two ray ground reflection model and path loss comparison.,No thesis wording change needed.
11,Digital Mobile Radio Towards Future Generation Systems: Final Report,Technical report,,506,"23, 44-45, 47, 56, 59, 102","prior_detail_overview.tex; High level architecture; Literature ingredients and thesis adaptations. Context: des the entry point for the ML calibrated physical path loss and spread priors and the HARP-Net CKM residual architecture. The propagation ingredients follow classical FSPL, two-ray, empirical NLoS and large scale parameter models [citation] , while the residual network inherits dense prediction, FiLM conditioning and distribution aware regression ideas [cit",El modelo COST 231 Hata y su papel como referencia empírica de path loss urbano NLoS.,SUPPORTED,"Local extracted COST 231 report parts contain the COST 231 Hata model, urban macrocell context, Hata/Okumura basis, and path loss formula material used for the NLoS prior.",No thesis wording change needed.
12,Study on Channel Model for Frequencies from 0.5 to 100 GHz,Standard / technical report,,,"23-24, 28, 33, 44-45, 47, 57, 59, 62-63, 103","prior_detail_overview.tex; High level architecture; Literature ingredients and thesis adaptations. Context: des the entry point for the ML calibrated physical path loss and spread priors and the HARP-Net CKM residual architecture. The propagation ingredients follow classical FSPL, two-ray, empirical NLoS and large scale parameter models [citation] , while the residual network inherits dense prediction, FiLM conditioning and distribution aware regression ideas [cit","El modelo 3GPP TR 38.901 para LoS/NLoS, parámetros a gran escala y estadísticas de spread en dominio logarítmico.",SUPPORTED WITH CAVEAT,"3GPP TR 38.901 is the correct standard source for 0.5 to 100 GHz channel models, LoS/NLoS states, large scale parameters, and spread modelling. The full report was not locally downloaded because it is a standard source.",No thesis wording change needed; keep it as an official technical report citation.
13,Optimal LAP Altitude for Maximum Coverage,Journal article,569-572,4,"24, 45, 47, 103","High level architecture; Literature ingredients and thesis adaptations; UAV and air to ground channel models. Context: ttlow_ant, mid_ant, high_ant) because the obstruction geometry changes qualitatively when the centred UAV rises above the local skyline, consistent with A2G elevation and scenario modelling practice [citation] . It is deliberately separate from the LoS branch because blocked pixels do not follow the same two-ray mechanism. Delay and angular spread priors. Th",La dependencia de la probabilidad LoS y la cobertura A2G con el ángulo de elevación y la altitud.,SUPPORTED,Local PDF supports elevation angle and LoS probability as central A2G modelling axes and motivates altitude dependent coverage.,No thesis wording change needed.
14,A Survey of Air-to-Ground Propagation Channel Modeling for Unmanned Aerial Vehicles,Journal article,2361-2391,31,"24, 44-45, 47, 57, 59, 103","prior_detail_overview.tex; High level architecture; Literature ingredients and thesis adaptations. Context: des the entry point for the ML calibrated physical path loss and spread priors and the HARP-Net CKM residual architecture. The propagation ingredients follow classical FSPL, two-ray, empirical NLoS and large scale parameter models [citation] , while the residual network inherits dense prediction, FiLM conditioning and distribution aware regression ideas [cit","La motivación general de modelos de canal UAV A2G, incluyendo elevación, shadowing y condiciones de propagación.",SUPPORTED,"Local survey PDF supports A2G UAV channel modelling, elevation angle dependence, and shadowing/fading context.",No thesis wording change needed.
15,Millimeter-Wave UAV Channel Model with Height-Dependent Path Loss and Shadowing in Urban Scenarios,arXiv preprint,,8,"24, 103","Related UAV evidence.. Context: 3GPP~TR~38.901 [citation] is used here as standardized LoS/NLoS large scale channel model context, not as the direct source of that elevation-logistic A2G formula. Related UAV evidence. Recent work by Saboor and Vinogradov [citation] makes this height dependence especially relevant for the present thesis: in simulated 26~GHz urban A2G links, LoS path loss re","La dependencia del path loss y del shadowing mmWave UAV con la altura, separando comportamiento LoS y NLoS.",SUPPORTED,Local PDF supports height dependent mmWave UAV path loss and shadowing in urban scenarios; it reports LoS exponent near free space and NLoS/shadowing changes with altitude.,No thesis wording change needed.
16,Spatially Consistent Air-to-Ground Channel Modeling and Simulation via 3D Shadow Projections,Conference paper,1-6,6,"24, 27, 103","Related UAV evidence.; Geometry assisted and diffraction aware deep learning. Context: relevant for the present thesis: in simulated 26~GHz urban A2G links, LoS path loss remains close to a free space exponent, whereas NLoS path loss exponents and shadow fading evolve with ABS height and with urban layout. Vinogradov et al.\ [citation] also propose 3D shadow projections as a fast way to generate spatially consistent A2G LoS maps without full p",Las proyecciones de sombra 3D para generar mapas LoS A2G espacialmente consistentes sin ray tracing completo.,SUPPORTED,"Local PDF supports 3D shadow projections for fast, spatially consistent A2G LoS map generation and LoS aware deterministic path loss with stochastic shadow fading.",No thesis wording change needed.
17,WINNER II Channel Models,Technical report,1-82,82,"24, 33, 44-45, 47, 62-63, 103","prior_detail_overview.tex; High level architecture; Literature ingredients and thesis adaptations. Context: des the entry point for the ML calibrated physical path loss and spread priors and the HARP-Net CKM residual architecture. The propagation ingredients follow classical FSPL, two-ray, empirical NLoS and large scale parameter models [citation] , while the residual network inherits dense prediction, FiLM conditioning and distribution aware regression ideas [cit","Los parámetros a gran escala WINNER, incluyendo delay spread, angular spread, shadowing lognormal y estados LoS/NLoS.",SUPPORTED,"Local report PDF supports large scale parameters, delay spread, angular spread, lognormal shadowing, and LOS/NLOS condition tables.",No thesis wording change needed.
18,Image-to-Image Translation with Conditional Adversarial Networks,Conference paper,5967-5976,10,"25, 47, 103","Literature ingredients and thesis adaptations; Image to image translation baselines. Context: rovides stable spread anchors without pretending that spreads are smooth deterministic channel attenuation maps. \\ Final residual model & U-Net style dense prediction, FiLM conditioning, probabilistic regression, and mixture density ideas [citation] . & Prior channels, explicit masks, residual caps, anchor gates, and a shared multitask trunk. & Learns only",La formulación image to image con cGAN y U-Net como antecedente de predicción densa.,SUPPORTED,Local PDF supports image to image translation with conditional GANs and U-Net style dense prediction baseline context.,No thesis wording change needed.
19,RadioUNet: Fast Radio Map Estimation With Convolutional Neural Networks,Journal article,4001-4015,15,"25, 87, 103",Comparison with closest state of the art metrics; Comparison with nearby SOA metrics; Image to image translation baselines. Context: edrightp0.25 >p0.29 >X Reference & What it reports & Verdict for our final model & Why the verdict is limited \\ RadioUNet [citation] & 1.6dB-3.1dB equivalent channel attenuation RMSE in accurate map settings & Our final PL RMSE lies inside the reported 1.6dB-3.1dB dB scale band. & 2D channel attenuation maps only; no transmitter height conditioning or sprea,RadioUNet como baseline CNN de radio maps y sus valores RMSE normalizados en escala de imagen.,SUPPORTED AFTER TEXT CHANGE,"Local PDF supports RadioUNet as the canonical CNN radio map baseline and contains the 0.0203 to 0.0384 grey level RMSE values. The 80 dB scaling is supported by dataset2212, not by this paper alone.",Changed state_of_art.tex so the 80 dB conversion is attributed to the RadioMapSeer dataset citation.
20,Group Equivariant Convolutional Networks for Pathloss Estimation,arXiv preprint,,5,"25, 32, 51-52, 61, 68, 87, 103","Comparison with closest state of the art metrics; Comparison with nearby SOA metrics; Image to image translation baselines. Context: hannel attenuation RMSE in accurate map settings & Our final PL RMSE lies inside the reported 1.6dB-3.1dB dB scale band. & 2D channel attenuation maps only; no transmitter height conditioning or spread targets. \\ RadioGUNet [citation] & 1.304dB DPM, 1.936dB IRT, and 1.392dB DPM with cars on RadioMapSeer & Our final PL RMSE is close to the reported RadioMapS","RadioGUNet como extensión equivarante de RadioMapSeer y sus métricas DPM, IRT y DPM con coches.",SUPPORTED,"Local PDF supports group equivariant pathloss estimation and the exact reported metrics: 1.304 dB DPM, 1.936 dB IRT, and 1.392 dB with cars.",No thesis wording change needed.
21,PMNet: Large-Scale Channel Prediction System for ICASSP 2023 First Pathloss Radio Map Prediction Challenge,Conference paper,1-2,2,"25-26, 32, 87, 103","Comparison with closest state of the art metrics; Comparison with nearby SOA metrics; PMNet and the ICASSP outdoor challenge family. Context: L RMSE is close to the reported RadioMapSeer dB scale range, while remaining above its best DPM number. & Outdoor simulated terrestrial maps; held out test layouts, but no transmitter height or spread targets. \\ PMNet / ICASSP~2023 winner [citation] & approx.\ 1.38dB converted from the RadioMap3DSeer normalized score & Final PL is close but higher under a d",PMNet como ganador del reto ICASSP 2023 y su RMSE normalizado en test.,SUPPORTED,Local PDF supports PMNet's 1st rank challenge result and normalized RMSE 0.0383 on the challenge test set. The approximate dB conversion uses the dataset scale described elsewhere.,No thesis wording change needed.
22,RMTransformer: Accurate Radio Map Construction and Coverage Prediction,Conference paper,1-5,5,"26, 32, 87, 103","Comparison with closest state of the art metrics; Comparison with nearby SOA metrics; Transformers, state space models, and attention based encoders. Context: r reported below 4dB against ray tracing & Our final PL RMSE is below 2dB, but an exact ratio is not recoverable from the reported path gain threshold. & Reports path gain, not the same path loss calibration. \\ RMTransformer [citation] & \(7.1510^-3\) normalised pixel RMSE, approximately 1.82dB with its 254dB USC/PMNet scaling window; \(8.1010^-3\) channel",RMTransformer como encoder-decoder MaxViT/CNN de 256 por 256 píxeles y sus métricas normalizadas.,SUPPORTED,"Local PDF supports RMTransformer as a MaxViT/CNN encoder decoder on 256 by 256 maps, with RMSE 0.007148, PMNet 0.01046, and channel prediction error 0.008099.",No thesis wording change needed.
23,WiCo-PG: Wireless Channel Foundation Model for Pathloss Map Generation via Synesthesia of Machines,arXiv preprint,,13,"26, 103","Transformers, state space models, and attention based encoders; Foundation models for radio maps. Context: inserted in Table~tab:icassp2023corrected because it is not measured on RadioMap3DSeer or under the ICASSP challenge setup. Recent attention and foundation model variants extend the effective receptive field of radio map predictors [citation] . This is useful when large scale urban context affects the prediction, but these methods normally need more data and","WiCo-PG como modelo cross modal con VQGANs, Transformer, MoE guiado por frecuencia, imágenes RGB desde UAV y NMSE reportado.",SUPPORTED,"Local PDF supports dual VQGANs, a transformer, frequency guided mixture of experts, RGB images from UAV capture as auxiliary modality, U2G scenarios, and NMSE 0.012.",No thesis wording change needed.
24,FM-RME: Foundation Model Empowered Radio Map Estimation,arXiv preprint,,7,"26, 33, 104","Transformers, state space models, and attention based encoders; Foundation models for radio maps; Emerging techniques and implications for this thesis. Context: inserted in Table~tab:icassp2023corrected because it is not measured on RadioMap3DSeer or under the ICASSP challenge setup. Recent attention and foundation model variants extend the effective receptive field of radio map predictors [citation] . This is useful when large scale urban context affects the prediction, but these methods normally need more data and",FM-RME como modelo fundacional para radio map estimation con preentrenamiento autosupervisado.,SUPPORTED,Local PDF supports FM-RME as a radio map foundation model with self supervised pretraining and zero shot/general inference framing.,No thesis wording change needed.
25,A Fine-Grained 3D Radio Map Construction Paradigm With Ultra-Low Sampling Rates by Large Generative Models,Journal article,4397-4413,17,"26, 104",Foundation models for radio maps. Context: itewicopg2025 uses dual VQGANs and a transformer with frequency-guided mixture-of-experts. It exploits RGB drone camera images as an auxiliary modality and achieves an NMSE of~0.012 on its constructed multimodal U2G benchmark. RadioLAM [citation] targets fine grained 3D radio map estimation from ultra low sampling rates using a large generative model pipelin,RadioLAM como pipeline generativo para mapas radio 3D finos con tasas de muestreo ultrabajas.,SUPPORTED,Local PDF supports fine grained 3D radio map construction at ultra low sampling rates using a large generative model pipeline.,No thesis wording change needed.
26,Diffraction and Scattering Aware Radio Map and Environment Reconstruction Using Geometry Model-Assisted Deep Learning,Journal article,19804-19819,16,"27, 33, 104","Geometry assisted and diffraction aware deep learning; Emerging techniques and implications for this thesis. Context: eless, the method is directly relevant because it explains why a binary visibility channel can carry so much of the structure that the neural network otherwise has to infer from the height map alone. Geometry assisted diffraction features~ [citation] use virtual obstacles, multi screen knife edge propagation, and scattering aware local geometry cues to injec","La reconstrucción de radio maps con geometría asistida, diffraction, scattering, obstáculos virtuales y multi screen knife edge.",SUPPORTED,"Local PDF supports diffraction and scattering aware radio map reconstruction using geometry assisted learning, virtual obstacles, and multi screen knife edge features.",No thesis wording change needed.
27,ReVeal: A Physics-Informed Neural Network for High-Fidelity Radio Environment Mapping,Conference paper,1-10,10,"27, 33, 87, 104","Comparison with closest state of the art metrics; Comparison with nearby SOA metrics; Physics informed neural networks. Context: an the ICASSP number and \(7.4\) lower than the ITU number. & Recent outdoor PL-map model with Tx/Rx depth and corridor weighting, but no CKM variable height UAV, no joint PL/DS/AS output, and different split/features. \\ ReVeal PINN [citation] & 1.95dB outdoor rural/suburban radio environment RMSE with sparse measurements & Final PL is in the same dB scale",ReVeal como PINN con residuo PDE de segundo orden y su RMSE outdoor sparse de 1.95 dB.,SUPPORTED,Local PDF supports ReVeal as a physics informed neural network with a second order PDE residual and reports 1.95 dB RMSE in its rural/suburban radio environment setting.,No thesis wording change needed.
28,Transformer-Based Air-to-Ground mmWave Channel Characteristics Prediction for 6G UAV Communications,Journal article,3731,28,"28, 33, 45, 47, 88, 104","High level architecture; Literature ingredients and thesis adaptations; Comparison with closest state of the art metrics. Context: nearby building pixels, and the local window area fraction occupied by buildings taller than the transmitter. This follows the log domain convention used for large scale spread statistics and recent A2G spread predictors [citation] . This is why the spread prior can fit the near zero LoS mass and the NLoS tail without letting the largest tail values dominate","El predictor Transformer A2G mmWave de características de canal, incluyendo path loss o potencia recibida, delay spread y angular spread.",SUPPORTED,"Local PDF supports Transformer based A2G mmWave prediction of received power/path loss, delay spread, and angular spread. Table 18 contains RMS DS 4.577 ns and the cited angle spread RMSE values.",No thesis wording change needed.
29,What Uncertainties Do We Need in Bayesian Deep Learning for Computer Vision?,Conference paper,5574-5584,11,"29, 34, 44, 47, 104","prior_detail_overview.tex; Literature ingredients and thesis adaptations; Heteroscedastic uncertainty. Context: SPL, two-ray, empirical NLoS and large scale parameter models [citation] , while the residual network inherits dense prediction, FiLM conditioning and distribution aware regression ideas [citation] . The detailed mathematical derivations and implementation level fitting notes are included in this methodology chapter, so the final pipeline can be read without",La pérdida de incertidumbre aleatoria heteroscedástica usada como base para modelar varianza dependiente de la entrada.,SUPPORTED,"Local PDF supports aleatoric and heteroscedastic uncertainty, learned attenuation, and the regression loss basis used for uncertainty modelling.",No thesis wording change needed.
30,Probabilistic Path Loss Predictors for mmWave Networks,Conference paper,1-6,6,"29, 34, 44, 47, 104","prior_detail_overview.tex; Literature ingredients and thesis adaptations; Gaussian mixture model heads. Context: SPL, two-ray, empirical NLoS and large scale parameter models [citation] , while the residual network inherits dense prediction, FiLM conditioning and distribution aware regression ideas [citation] . The detailed mathematical derivations and implementation level fitting notes are included in this methodology chapter, so the final pipeline can be read without",El uso de mixture density networks para predecir distribuciones probabilísticas de path loss mmWave.,SUPPORTED,Local PDF supports mixture density networks for probabilistic mmWave path loss distributions.,No thesis wording change needed.
31,A Mixture Density Channel Model for Deep Learning-Based Wireless Physical Layer Design,Conference paper,53-62,10,"29, 34, 47, 104","Literature ingredients and thesis adaptations; Gaussian mixture model heads; Emerging techniques and implications for this thesis. Context: rovides stable spread anchors without pretending that spreads are smooth deterministic channel attenuation maps. \\ Final residual model & U-Net style dense prediction, FiLM conditioning, probabilistic regression, and mixture density ideas [citation] . & Prior channels, explicit masks, residual caps, anchor gates, and a shared multitask trunk. & Learns only",El modelo de canal estocástico basado en mezcla gaussiana para diseño de capa física con deep learning.,SUPPORTED,Local PDF supports a stochastic channel model learned as a Gaussian mixture distribution for physical layer design.,No thesis wording change needed.
32,Modeling of Time-varying Wireless Communication Channel with Fading and Shadowing,Conference paper,1-6,6,"29, 104","Gaussian mixture model heads. Context: itesaleh2021probabilistic use an MDN to predict probabilistic mmWave path loss distributions, Garcia Marti et al.\ [citation] learn a stochastic Gaussian mixture channel model for physical layer design, and Lee et al.\ [citation] derive conditional received power PDFs with a mixture density network. These works support the use of mixture outputs for wireless",El modelado de canales variables en el tiempo con fading y shadowing usando una red y mezcla de gaussianas.,SUPPORTED,Local PDF supports a deep learning plus mixture density network model using Gaussian kernels for time varying channels with fading and shadowing.,No thesis wording change needed.
33,RadioDiff: An Effective Generative Diffusion Model for Sampling-Free Dynamic Radio Map Construction,Journal article,738-750,13,"30, 33, 104","Stochastic diffusion models; Emerging techniques and implications for this thesis; Deep learning, hybrid models and distribution aware heads. Context: tion head that tells the dense decoder what value distribution the map should contain before the model solves the harder pixel placement problem. Stochastic diffusion models Conditional diffusion models applied to radio maps [citation] generate physically plausible stochastic variations in deep shadow zones rather than predicting a single blurry mean. The it",La difusión condicional para construir radio maps dinámicos usando localización de BS y características del entorno como prompts.,SUPPORTED AFTER TEXT CHANGE,Local PDF supports conditional diffusion for sampling free dynamic radio map construction using BS location and environment features as prompts.,Changed state_of_art.tex from obstacle prompts to environment features.
34,FiLM: Visual Reasoning with a General Conditioning Layer,Conference paper,3942-3951,10,"30, 44, 47, 104","Final pipeline; prior_detail_overview.tex; Literature ingredients and thesis adaptations. Context: oS mask, ground mask, combined path loss prior, LoS path loss prior, NLoS path loss prior, delay spread prior and angular spread prior. The scalar \(h_tx\) is encoded with sinusoidal features and injected through FiLM modulation [citation] . The network therefore learns a residual around already height aware priors instead of inferring all height effects fro",FiLM como modulación lineal feature wise mediante transformaciones afines condicionadas.,SUPPORTED,Local PDF supports FiLM as feature wise linear modulation by learned affine transformations based on conditioning inputs.,No thesis wording change needed.
35,Averaging Weights Leads to Wider Optima and Better Generalization,Conference paper,876-885,10,"30, 105","Height conditioning for the residual model. Context: s the activation statistics rather than being handled as a discrete bin, which is critical when the effective propagation regime changes substantially with height. Two other tools used during development, stochastic weight averaging (SWA) [citation] and exponential moving average (EMA) tracking, are kept in this review because they explain some of the traini",SWA como promedio de pesos que busca óptimos más anchos y mejor generalización.,SUPPORTED,"Local PDF supports stochastic weight averaging, weight averaging, wider optima, and improved generalization.",No thesis wording change needed.
36,AIRMap: AI-Generated Radio Maps for Wireless Digital Twins,arXiv preprint,,15,"32, 87, 105","Comparison with closest state of the art metrics; Comparison with nearby SOA metrics; Why headline numbers cannot be compared directly. Context: measurements & Final PL is in the same dB scale range as ReVeal's sparse measurement result. & Real outdoor measurements, but sparse RSSI radio environment mapping rather than dense transmitter height conditioned CKM generation. \\ AIRMap [citation] & path gain error reported below 4dB against ray tracing & Our final PL RMSE is below 2dB, but an exact ratio","AIRMap como U-Net adaptativa con mapas de elevación 200 por 200, RMSE sub 4 dB de path gain, inferencia rápida y calibración con medidas.",SUPPORTED WITH CAVEAT,"Local PDF supports adaptive U-Net/elevation map radio maps, 200 by 200 tensors, 2.5 to 15 m/pixel resolution, sub 4 dB path gain RMSE, 4 ms inference, 20 percent field calibration, and about 5 percent median error.","No thesis wording change needed; the thesis already warns that AIRMap reports path gain, not the same path loss calibration."
37,Effective Outdoor Pathloss Prediction: A Multi-Layer Segmentation Approach With Weighting Map,Journal article,1-6,6,"32, 87, 105","Comparison with closest state of the art metrics; Comparison with nearby SOA metrics; Why headline numbers cannot be compared directly. Context: only as scale context, not as a direct ranking. & Not directly comparable: ICASSP/RadioMap3DSeer testing differs from our unseen CKM-city split, continuous transmitter height conditioning, and joint PL/DS/AS target setting. \\ Gao et al.\ [citation] & 5.59dB on ICASSP~2023; 12.19dB on ITU Challenge~2024, with about 60\ Our final PL RMSE is about \(3.4\) lowe","El predictor de path loss con mapas de profundidad Tx/Rx, mapa de distancia, weighting map de corredor y resultados RMSE de la Tabla III.",SUPPORTED,"Local PDF supports depth maps, a distance map, and weighting map inputs; Table III contains 5.59 dB for the proposed method, 8.09 dB PPNet, 9.56 dB RPNet, and 8.72 dB ViT-12.",No thesis wording change needed.
38,Machine Learning-based Path Loss Prediction in Suburban Environment in the Sub-6 GHz Band,Journal article,1-11,11,"32, 105",Why headline numbers cannot be compared directly; Tarhouni et al.: measured suburban path loss prediction. Context: ransformer2025 & No & No & No & No \\ RadioGUNet [citation] & Partial & No & No & Partial \\ AIRMap [citation] & Partial & No & No & Partial \\ Gao et al.\ [citation] & No & No & Partial & Partial \\ Tarhouni et al.\ [citation] & No & No & No & Physical ref. \\ PathFinder [citation] & Partial & No & No & Partial \\ This thesis task setting & Yes & Yes & Yes,Un caso medido de predicción de path loss suburbano sub 6 GHz usado como comparación cualitativa no densa.,SUPPORTED,"Local PDF supports machine learning based path loss prediction in a measured sub 6 GHz suburban environment, matching the qualitative comparison role in the thesis.",No thesis wording change needed.
39,PathFinder: Advancing Path Loss Prediction for Single-to-Multi-Transmitter Scenario,Journal article,113725,41,"32-33, 87, 105","Comparison with closest state of the art metrics; Comparison with nearby SOA metrics; Why headline numbers cannot be compared directly. Context: nder that paper's normalisation window. & Recent dense path loss radio map reference, but on 256px USC/PMNet maps with a random 90/10 split, no CKM city holdout, no continuous transmitter height, and no spread targets. \\ PathFinder [citation] & 0.0331 normalized RMSE on RM3D DS-RPP, approximately 1.19dB with the 36dB RM3D image window convention; 0.3263 on","PathFinder para distribution shift en path loss, con atención mask guided low rank y métricas MSE, RMSE y DS-RPP.",SUPPORTED,"Local PDF supports distribution shift radio path loss prediction, mask guided low rank attention, 0.1068 MSE, 0.3263 RMSE, and DS-RPP RMSE 0.033069, which rounds to 0.0331.",No thesis wording change needed.
40,The First Indoor Pathloss Radio Map Prediction Challenge,Conference paper,1-2,2,"33, 105","ICASSP 2025 indoor challenge. Context: y holdout split used in this thesis: a CKM surrogate is useful only if it works on new urban layouts, not only on shuffled samples from the same city. ICASSP 2025 indoor challenge The ICASSP 2025 Indoor Pathloss Challenge [citation] presents a structurally different problem, dense wall penetration NLoS effects in bounded interior spaces, but its public resul",El reto indoor ICASSP 2025 y su tabla de weighted RMSE para los métodos participantes.,SUPPORTED,"Local PDF supports the ICASSP 2025 indoor pathloss challenge and lists weighted RMSE values around 9.41, 9.50, 10.32, and 10.39 for the cited methods.",No thesis wording change needed.
41,The First Indoor Pathloss Radio Map Prediction Challenge: Results,Website,,,"33, 105","ICASSP 2025 indoor challenge. Context: nge numbers. The official result page reports that the winning SIP2Net submission obtains a weighted average RMSE of 9.411dB; IPP-Net reaches 9.501dB; TerRaIn reaches 10.325dB; and TransPathNet reaches 10.397dB [citation] . These are not outdoor UAV results, but they show that when NLoS physics becomes harder and less directly observable from the input map,","La página oficial de resultados con los weighted RMSE finales de SIP2Net, IPP-Net, TerRaIn y TransPathNet.",SUPPORTED,"Official challenge results page verified on 2026-06-17 lists final weighted RMSE 9.411 for SIP2Net, 9.501 for IPP-Net, 10.325 for TerRaIn, and 10.397 for TransPathNet.",No thesis wording change needed.
42,SIP2Net: Situational-Aware Indoor Pathloss-Map Prediction Network for Radio Map Generation,Conference paper,1-2,2,"33, 105","ICASSP 2025 indoor challenge. Context: nge numbers. The official result page reports that the winning SIP2Net submission obtains a weighted average RMSE of 9.411dB; IPP-Net reaches 9.501dB; TerRaIn reaches 10.325dB; and TransPathNet reaches 10.397dB [citation] . These are not outdoor UAV results, but they show that when NLoS physics becomes harder and less directly observable from the input map,",La solución SIP2Net y su weighted RMSE de 9.411 dB como primer puesto del reto indoor.,SUPPORTED,Local PDF supports SIP2Net's 9.411 dB weighted RMSE and 1st place indoor challenge result.,No thesis wording change needed.
43,IPP-Net: A Generalizable Deep Neural Network Model for Indoor Pathloss Radio Map Prediction,Conference paper,1-2,2,"33, 105","ICASSP 2025 indoor challenge. Context: nge numbers. The official result page reports that the winning SIP2Net submission obtains a weighted average RMSE of 9.411dB; IPP-Net reaches 9.501dB; TerRaIn reaches 10.325dB; and TransPathNet reaches 10.397dB [citation] . These are not outdoor UAV results, but they show that when NLoS physics becomes harder and less directly observable from the input map,",La solución IPP-Net y su weighted RMSE de 9.501 dB como segundo puesto del reto indoor.,SUPPORTED,Local PDF supports IPP-Net's 9.501 dB weighted RMSE and second overall ranking.,No thesis wording change needed.
44,TransPathNet: A Novel Two-Stage Framework for Indoor Radio Map Prediction,Conference paper,1-2,2,"33, 105","ICASSP 2025 indoor challenge. Context: nge numbers. The official result page reports that the winning SIP2Net submission obtains a weighted average RMSE of 9.411dB; IPP-Net reaches 9.501dB; TerRaIn reaches 10.325dB; and TransPathNet reaches 10.397dB [citation] . These are not outdoor UAV results, but they show that when NLoS physics becomes harder and less directly observable from the input map,",La solución TransPathNet de dos etapas y su RMSE final de 10.397 dB en el reto indoor.,SUPPORTED,Local PDF supports TransPathNet's 10.397 dB overall RMSE on the indoor challenge full test set.,No thesis wording change needed.
45,RadioPiT: Radio Map Generation with Pixel Transformer Driven by Ultra-Sparse Real-World Data,Conference paper,1-6,6,"33, 105","Emerging techniques and implications for this thesis. Context: a 2D building height map. The most plausible routes beyond that wall are richer geometry and diffraction priors [citation] , PDE style physics losses such as ReVeal [citation] , sparse target domain adaptation such as RadioPiT [citation] , diffusion refinement [citation] , and larger radio map foundation models [citation] . The spread targets add a second le",RadioPiT como generación de radio maps con Pixel Transformer a partir de datos reales ultraescasos.,SUPPORTED,Local PDF supports RadioPiT as radio map generation using a pixel transformer driven by ultra sparse real world data.,No thesis wording change needed.
46,Machine-Learning-Based Prediction Methods for Path Loss and Delay Spread in Air-to-Ground Millimetre-Wave Channels,Journal article,1113-1121,9,"33, 45, 47, 88, 105","High level architecture; Literature ingredients and thesis adaptations; Comparison with closest state of the art metrics. Context: nearby building pixels, and the local window area fraction occupied by buildings taller than the transmitter. This follows the log domain convention used for large scale spread statistics and recent A2G spread predictors [citation] . This is why the spread prior can fit the near zero LoS mass and the NLoS tail without letting the largest tail values dominate",La predicción ML de path loss y delay spread en canales A2G mmWave a nivel de enlace.,SUPPORTED,"Local PDF supports machine learning based prediction of A2G mmWave path loss and delay spread, and it is correctly described as scalar/link level rather than dense CKM map prediction.",No thesis wording change needed.
47,PMNet: Robust Pathloss Map Prediction via Supervised Learning,Conference paper,4601-4606,6,"44, 47, 106","prior_detail_overview.tex; Literature ingredients and thesis adaptations; Deep learning, hybrid models and distribution aware heads. Context: SPL, two-ray, empirical NLoS and large scale parameter models [citation] , while the residual network inherits dense prediction, FiLM conditioning and distribution aware regression ideas [citation] . The detailed mathematical derivations and implementation level fitting notes are included in this methodology chapter, so the final pipeline can be read without",PMNet como método supervisado encoder-decoder para predicción robusta de mapas de path loss.,SUPPORTED,"Local PDF supports PMNet as supervised robust pathloss map prediction with an encoder decoder style radio map model, matching the dense prediction neighbour citation.",No thesis wording change needed.
48,Wireless Communications,Book,,,"51, 106","Effective two-ray calibration; Channel knowledge maps and dense radio map prediction. Context: )=(h_tx)e^-j(h_tx)\). Thus \(\) and \(\) are calibration parameters fitted from training city LoS pixels in 5m UAV height bins, not material Fresnel constants from a single flat ground plane [citation] . The search grid allowed \( 1.5\) for robustness, but the smoothed deployed values remain below unity. The additional terms \(_LoS(h_tx)\) and \(r(d_2D,h_tx)",La base teórica de propagación coherente de dos rayos y coeficientes de reflexión.,SUPPORTED WITH CAVEAT,"Book reference is appropriate for coherent two ray propagation and reflection coefficient vocabulary, but the book is not locally text extracted in the audit folder.",No thesis wording change needed; source is used as a whole textbook reference.
49,A Theoretical Model of UHF Propagation in Urban Environments,Journal article,1788-1796,9,"58, 106","Map derived morphology features. Context: vation and simple interactions. From $PL^(0)(x)$ and the shared topology maps, the following 15 element vector is computed. This follows the same intuition as urban NLoS models based on building rows and street level descriptors [citation] , and as path profile surrogates that use map derived profile statistics [citation] , but all variables here are compute",La influencia de filas o bloques de edificios y difracción urbana en la propagación UHF.,SUPPORTED,Local PDF supports urban UHF propagation modelling with rows or blocks of buildings treated as diffracting structures.,No thesis wording change needed.
50,Propagation Factors Controlling Mean Field Strength on Urban Streets,Journal article,822-829,8,"58, 106","Map derived morphology features. Context: vation and simple interactions. From $PL^(0)(x)$ and the shared topology maps, the following 15 element vector is computed. This follows the same intuition as urban NLoS models based on building rows and street level descriptors [citation] , and as path profile surrogates that use map derived profile statistics [citation] , but all variables here are compute","Los factores urbanos de calle, altura de edificios, anchura de calle, orientación y altura de antena móvil.",SUPPORTED,"Local PDF supports building height, street width, street orientation, and mobile antenna height as controlling urban street propagation factors.",No thesis wording change needed.
51,Explainable Deep-Learning-Based Path Loss Prediction from Path Profiles in Urban Environments,Journal article,6690,18,"58, 106","Map derived morphology features. Context: 15 element vector is computed. This follows the same intuition as urban NLoS models based on building rows and street level descriptors [citation] , and as path profile surrogates that use map derived profile statistics [citation] , but all variables here are computed directly from the CKM grid and fitted only on training city pixels. The vector itself was i",El uso de path profiles y características derivadas del mapa para predicción explicable de path loss.,SUPPORTED,Local PDF supports explainable path loss prediction from map derived path profile features in urban environments.,No thesis wording change needed.
52,An Empirical Air-to-Ground Channel Model Based on Passive Measurements in LTE,Journal article,1140-1154,15,"63, 106","Raw spread prior in log domain. Context: [citation] , then adds CKM specific map morphology terms. UAV measurement studies also motivate the elevation angle dependence: low elevation links usually interact with more rooftops and street canyons than near overhead links [citation] . The development repository documents this spread module as a transparent non neural baseline whose purpose is to measur",Medidas A2G LTE y dependencia del path loss con ángulo de elevación en escenarios UAV.,SUPPORTED,"Local PDF supports passive LTE A2G measurements, UAV channel modelling, and elevation angle dependence in path loss modelling.",No thesis wording change needed.
53,Angular Distribution of Cellular Signals for UAVs in Urban and Rural Scenarios,Conference paper,1-5,5,"63, 106","Raw spread prior in log domain. Context: [citation] , then adds CKM specific map morphology terms. UAV measurement studies also motivate the elevation angle dependence: low elevation links usually interact with more rooftops and street canyons than near overhead links [citation] . The development repository documents this spread module as a transparent non neural baseline whose purpose is to measur",La variación de AoA y angular spread con la altura del UAV en escenarios urbanos y rurales.,SUPPORTED,Local PDF supports Angle of Arrival and Angular Spread variation with height in urban and rural UAV LTE measurements.,No thesis wording change needed.
54,TFGAllProgress_Tries_and_Attempts: Development History and Experimental Attempts,Software / repository,,,"63, 106, 117",Public source record and checkpoint artifact; Raw spread prior in log domain. Context: final training and evaluation code is collected in Final_Code_TFG; the broader experimental history is preserved in TFGAllProgress_Tries_and_Attempts; and the thesis source is kept in TFG_ActualText_LaTeX [citation] . The final checkpoint loaded by the generator is models/best_model.pt. Since this file is larger than GitHub's regular single-file limit for or,El repositorio de historial experimental y notas internas de desarrollo que documentan intentos y módulos del proyecto.,SOURCE RECORD,"Repository citation is a reproducibility/source record for the broader development history and internal spread prior notes, not an external paper claim.",No thesis wording change needed; keep empty paper page fields.
55,Measurement-Based Prediction of mmWave Channel Parameters Using Deep Learning and Point Cloud,Journal article,1059-1072,14,"88, 106","Comparison with closest state of the art metrics. Context: UAV mmWave model predicting delay spread and AoA/AoD angular statistics. & Predicts per link channel characteristics from coordinates/frequency/location tags, not dense \(513513\) AS/DS maps from building height images. \\ Mi et al.\ [citation] & Regression PointNet from indoor 60GHz point clouds; predicts RMS DS, azimuth angular spread, path loss and \(K\)-","La predicción con PointNet de path loss, RMS delay spread, angular spread y factor K a partir de nubes de puntos indoor.",SUPPORTED,"Local PDF supports indoor 60 GHz point cloud based prediction of path loss, RMS delay spread, azimuth angular spread, and Rician K factor; it reports average angular spread RMSE 7.39 degrees.",No thesis wording change needed.
56,"CKMGenerator: Generator of Path Loss, Delay Spread and Angular Spread",Software / repository,,,"106, 117",Public source record and checkpoint artifact. Context: final training and evaluation code is collected in Final_Code_TFG; the broader experimental history is preserved in TFGAllProgress_Tries_and_Attempts; and the thesis source is kept in TFG_ActualText_LaTeX [citation] . The final checkpoint loaded by the generator is models/best_model.pt. Since this file is larger than GitHub's regular single-file limit for or,"El repositorio del generador público de mapas CKM para path loss, delay spread y angular spread.",SOURCE RECORD,"Repository citation supports the standalone CKM generator source record, not a paper claim.",No thesis wording change needed; keep empty paper page fields.
57,Final_Code_TFG: Final Training and Evaluation Code,Software / repository,,,"106, 117",Public source record and checkpoint artifact. Context: final training and evaluation code is collected in Final_Code_TFG; the broader experimental history is preserved in TFGAllProgress_Tries_and_Attempts; and the thesis source is kept in TFG_ActualText_LaTeX [citation] . The final checkpoint loaded by the generator is models/best_model.pt. Since this file is larger than GitHub's regular single-file limit for or,El repositorio del código final de entrenamiento y evaluación.,SOURCE RECORD,"Repository citation supports the final training and evaluation code source record, not a paper claim.",No thesis wording change needed; keep empty paper page fields.
58,TFG_ActualText_LaTeX: Thesis Source,Software / repository,,,"106, 117",Public source record and checkpoint artifact. Context: final training and evaluation code is collected in Final_Code_TFG; the broader experimental history is preserved in TFGAllProgress_Tries_and_Attempts; and the thesis source is kept in TFG_ActualText_LaTeX [citation] . The final checkpoint loaded by the generator is models/best_model.pt. Since this file is larger than GitHub's regular single-file limit for or,El repositorio con el texto fuente LaTeX de la tesis.,SOURCE RECORD,"Repository citation supports the thesis source record, not a paper claim.",No thesis wording change needed; keep empty paper page fields.
